<?xml version="1.0" encoding="UTF-8"?>

<!DOCTYPE mapper
    PUBLIC "-//mybatis.org//DTD Mapper 3.0//EN"
    "http://mybatis.org/dtd/mybatis-3-mapper.dtd">
    
<mapper namespace="com.study.springboot.dao.IDpNoticeDao"> 
	<insert id="writeNotice" parameterType="com.study.springboot.dto.DpNoticeDto">
      insert into dp_notice (board_no, title, content, writer, reg, hit)
           values (dp_notice_seq.nextval, #{title}, #{content}, #{writer}, #{reg}, 0)
   </insert> 

	<select id="list" resultType="com.study.springboot.dto.DpNoticeDto">
		select * from dp_notice order by board_no desc
	</select>
	
	<select id="view_notice" resultType="com.study.springboot.dto.DpNoticeDto">
		select * from dp_notice where board_no=#{param1}
	</select>
	
	<update id="upHit" parameterType="com.study.springboot.dto.DpNoticeDto">
		update dp_notice set hit = Hit + 1 where board_no = #{param1}
	</update>
	
	<update id="modify" parameterType="com.study.springboot.dto.DpNoticeDto">
		update dp_notice set title = #{param2}, content = #{param3}, reg = #{param4} where board_no = #{param1}
	</update>
	
	<delete id="delete">
		delete from dp_notice where board_no = #{param1}
	</delete>
</mapper>