<?xml version="1.0" encoding="UTF-8"?>

<!DOCTYPE mapper
    PUBLIC "-//mybatis.org//DTD Mapper 3.0//EN"
    "http://mybatis.org/dtd/mybatis-3-mapper.dtd">

<mapper namespace="com.study.springboot.dao.IReplyDao"> 

	<insert id="replyInsert" parameterType="com.study.springboot.dto.ReplyDto">
		 <selectKey keyProperty="reply_no" resultType="int" order="BEFORE">
		 		select dp_reply_seq.nextval FROM DUAL
		 </selectKey>
      insert into dp_reply (reply_no, myct_no, board_no, user_id, content, picture, reg)
           values (dp_reply_seq.nextval, #{myct_no}, #{board_no}, #{user_id}, #{content}, #{picture}, #{reg})
    </insert> 
	
	 

	<select id="replyList" resultType="com.study.springboot.dto.ReplyDto"> 
		select * from dp_reply where myct_no = #{param1} and board_no = #{param2} order by reg asc
	</select> 	
	
	
	<select id="commentList()" resultType="com.study.springboot.dto.ReplyDto"> 
		select * from dp_reply 	
	</select> 	
	
	
	<!-- 프로필 사진 변경시 게시글에 있는 프로필 사진도 바꿔줌 -->
	<update id="replyset" >
		update dp_reply set picture = #{picture} where user_id = #{id}
	</update>	
	
	
	<update id="replyUpdate" >
		update dp_reply set content = #{param2} where reply_no = #{param1}
	</update>		
	
     
     <!-- 게시판 삭제시 게시판에 있는 모든 댓글을 삭제시켜줌 -->
     <delete id="deleteRList">
		delete from dp_reply where board_no = #{board_no}
	 </delete>
	
	<!-- 댓글 삭제시 해당 댓글만 삭제 -->
	<delete id="deleteReply">
	     delete from dp_reply where reply_no = #{reply_no}
	</delete>
	
   <!-- 댓글 신고 -->
   <insert id="SingoreplyInsert" parameterType="com.study.springboot.dto.ReplyDto">
	 <selectKey keyProperty="reply_no" resultType="int" order="BEFORE">
	 		select dp_reply_seq.nextval FROM DUAL
	 </selectKey>
      insert into dp_reply (reply_no, myct_no, board_no, user_id, content, picture, reg)
           values (dp_reply_seq.nextval, #{myct_no}, #{board_no}, #{user_id}, #{content}, #{picture}, #{reg})
   </insert> 
	
	<!-- 댓글 신고 리스트 -->
	<select id="SingoreplyList" resultType="com.study.springboot.dto.ReplyDto"> 
		select * from dp_reply where myct_no = #{param1} order by reg asc	
	</select> 	
 
 	<!-- 댓글 신고 강퇴 -->
	<delete id="Singodelete">
		delete from dp_member where id = #{id}
	</delete>
	
	<!-- 아이디 정지했을시 댓글 삭제 -->
	<delete id="SingodeleteReply">
		delete from dp_reply where board_no = #{param1} and user_id = #{param2} and content = #{param3}
	</delete>
	
</mapper>