<?xml version="1.0" encoding="UTF-8"?>

<!DOCTYPE mapper
    PUBLIC "-//mybatis.org//DTD Mapper 3.0//EN"
    "http://mybatis.org/dtd/mybatis-3-mapper.dtd">

<mapper namespace="com.study.springboot.dao.IReplyDao"> 

	 <insert id="replyInsert" parameterType="com.study.springboot.dto.ReplyDto">
	 <selectKey keyProperty="reply_no" resultType="int" order="BEFORE">
	 		select dp_reply_seq.nextval FROM DUAL
	 </selectKey>
      insert into dp_reply (reply_no, myct_no, board_no, user_id, content, reg)
           values (dp_reply_seq.nextval, #{myct_no}, #{board_no}, #{user_id}, #{content}, #{reg})
   </insert> 
	
	 

	<select id="replyList" resultType="com.study.springboot.dto.ReplyDto"> 
		select * from dp_reply where myct_no = #{param1} and board_no = #{param2} order by reg asc
		
	</select> 	
	
	
	<update id="replyset" >
		update dp_reply set picture =#{picture} where user_id = #{id}
	</update>		
	

	
	<!-- where board_no = #{param1} and writer = #{param2}  -->
	
	<!-- <delete id="deletePanDao">
		delete from dp_myct where board_no = #{param1} and id = #{param2}
	</delete>
	
	 <update id="updatePan" >
		update dp_myct set memo = #{memo}, picture= #{picture} where board_no = #{board_no} and id = #{id} 
	</update>
	
	
	<select id="viewPanDao" resultType="com.study.springboot.dto.MyctDto"> 
		select * from dp_myct where board_no = #{param1}
	</select> -->
	
	
	
	<!--  <select id="listDao" resultType="com.study.springboot.dto.SimpleBbsDto"> 
      select * from simple_bbs order by id desc
   </select>  -->
   
   
	
	
 
	
</mapper>